杭州,hangzhou14.
上海,shanghai2.
成都,chengdu104.
厦门,xiamen21.
台北,taipeicity360.
香港,hongkong38.
北京,beijing1.
苏州,suzhou11.
南京,nanjing9.
丽江,lijiang32.
重庆,chongqing158.
武汉,wuhan145.
昆明,kunming29.
广州,guangzhou152.
天津,tianjin154.
深圳,shenzhen26.
澳门,macau39.
无锡,wuxi10.
大理,dali31.
大连,dalian4.
长沙,changsha148.
宁波,ningbo83.
沈阳,shenyang155.
桂林,guilin28.
西安,xian7.
西双版纳,xishuangbanna30.
哈尔滨,haerbin151.
张家界,zhangjiajie23.
拉萨,lhasa36.
高雄,gaoxiong756.
三亚,sanya61.
扬州,yangzhou12.
青岛,qingdao5.
花莲,hualien1366.
香格里拉,xianggelila106.
凤凰,fenghuang988.
北海,beihai140.
绍兴,shaoxing18.
南宁,nanning166.
贵阳,guiyang33.
阿坝,aba744.
福州,fuzhou164.
西宁,xining237.
阳朔,yangshuo702.
湘西,xiangxi496.
秦皇岛,qinhuangdao132.
长春,changchun216.
九寨沟,jiuzhaigou25.
威海,weihai169.
济南,jinan128.
珠海,zhuhai27.
峨眉山,emeishan24.
海口,haikou37.
武夷山,wuyishan22.
舟山,zhoushan479.
太原,taiyuan167.
郑州,zhengzhou157.
银川,yinchuan239.
嘉兴,jiaxing272.
乐山,leshan103.
平遥,pingyao365.
黄山,huangshan120061.
烟台,yantai170.
承德,chengde135.
乌鲁木齐,urumqi117.
稻城,daocheng342.
常州,changzhou206.
林芝,linzhi126.
洛阳,luoyang198.
桐乡,tongxiang220.
兰州,lanzhou231.
开封,kaifeng165.
连云港,lianyungang238.
屏东,pingtung1364.
日喀则,rikaze100.
台南,tainan757.
呼伦贝尔,hulunbeier458.
南投市,nantou759.
腾冲,tengchong696.
台中,taizhong1369.
敦煌,dunhuang8.
石家庄,shijiazhuang199.
嘉善,jiashan1019.
温州,wenzhou153.
泉州,quanzhou243.
上饶,shangrao547.
景德镇,jingdezhen405.
迪庆,diqing120009.
婺源,wuyuan446.
临安,linan88.
都江堰,dujiangyan911.
康定,kangding344.
湖州,huzhou68.
南昌,nanchang175.
牡丹江,mudanjiang264.
甘孜,ganzi754.
大同,datong275.
新北,newtaipeicity2063.
泰安,taian746.
佛山,foshan207.
金华,jinhua219.
甘南,gannan426.
安吉,anji686.
台东,taitung760.
呼和浩特,huhehaote156.
昆山,kunshan77.
宜昌,yichang313.
阿里,ali99.
惠州,huizhou213.
嵊泗,shengsi82.
合肥,hefei196.
嘉义市,chiayi758.
黔东南,qiandongnan2375.
漠河,mohe983.
晋中,jinzhong639.
嘉峪关,jiayuguan284.
东莞,dongguan212.
满洲里,manzhouli319.
肇庆,zhaoqing269.
镇江,zhenjiang13.
延边,yanbian415.
丽水,lishui441.
日照,rizhao622.
九江,jiujiang877.
漳州,zhangzhou334.
丹东,dandong315.
葫芦岛,huludao345.
酒泉,jiuquan282.
宜兰,yilan1383.
大邑,dayi3130.
张掖,zhangye283.
台州,taizhou402.
宜春,yichun743.
韶关,shaoguan222.
徐州,xuzhou230.
神农架,shennongjia147.
吉林市,jilinshi267.
保定,baoding459.
南通,nantong85.
保山,baoshan420.
中山,zhongshan233.
清远,qingyuan517.
色达,sedaxian120478.
汕头,shantou215.
阿勒泰,aletai427.
伊犁,yili115.
咸阳,xianyang632.
黟县,yixian528.
伊春,yichun498.
延安,yanan423.
淳安,chunan2249.
青阳,qingyang2613.
忻州,xinzhou783.
海林,hailin2240.
赤峰,chifeng483.
昌都,changdu559.
丹巴,danba704.
蓬莱,penglai168.
咸宁,xianning861.
安顺,anshun518.
景洪,jinghong2154.
大兴安岭,daxinganling396.
池州,chizhou825.
宝鸡,baoji422.
张家口,zhangjiakou497.
西昌,xichang592.
渭南,weinan908.
常熟,changshu101.
焦作,jiaozuo663.
松潘,songpan606.
潍坊,weifang226.
海西,haixi120012.
宜宾,yibin278.
溧阳,liyang598.
南平,nanping827.
临沂,linyi480.
柳州,liuzhou143.
江门,jiangmen362.
十堰,shiyan464.
芜湖,wuhu457.
龙岩,longyan366.
镇远,zhenyuan1840.
潮州,chaozhou467.
临汾,linfen318.
红河,honghe512.
湛江,zhanjiang202.
彰化,changhua3180.
济宁,jining658.
长岛,changdao505.
东阳,dongyang608.
绵阳,mianyang915.
衡山,hengshan277.
理塘,litang3150.
布尔津,buerjin1010.
黔南,qiannan2374.
吐鲁番市,tulufan35.
衡阳,hengyang864.
荔波,libo659.
宜兴,yixing227.
雷山,leishan2345.
凉山,liangshan912.
凯里,kaili491.
赣州,ganzhou473.
遵义,zunyi204.
喀什,kashi124.
阳江,yangjiang363.
汉中,hanzhong486.
吉安,jian876.
山南,shannan339.
宁德,ningde490.
恩施,enshi487.
德清,deqing1011.
岳阳,yueyang287.
泰州,taizhou494.
乐清,yueqing1022.
华阴,huayin476.
象山,xiangshan723.
桐庐,tonglu688.
曲阜,qufu129.
若尔盖,ruoergai3165.
井冈山,jinggangshan171.
德格,dege3140.
南阳,nanyang591.
安庆,anqing179.
南靖,najing2672.
惠东,huidong956.
包头,baotou347.
白玉,baiyuxian120485.
文山,wenshan511.
海北,haibei120014.
宣城,xuancheng504.
梅州,meizhou523.
南充,nanchong782.
莆田,putian317.
泸定,luding2059.
登封,dengfeng1014.
唐山,tangshan200.
河源,heyuan350.
枣庄,zaozhuang656.
雅安,yaan917.
郴州,chenzhou336.
中卫,zhongwei1184.
曲靖,qujing509.
淮安,huaian351.
三沙,sansha120101.
金川,jinchuan3125.
衢州,quzhou174.
荣成,rongcheng899.
淄博,zibo536.
雅江,yajiang3137.
本溪,benxi463.
襄阳,xiangyang414.
琼海,qionghai843.
克什克腾旗,keshiketengqi2971.
丹江口,danjiangkou1018.
鄂尔多斯,eerduosi600.
巴塘,batang3102.
玉溪,yuxi477.
万宁,wanning846.
盐城,yancheng493.
齐齐哈尔,qiqihaer395.
锡林郭勒盟,xilingol484.
天水,tianshui285.
黔西南,qianxinan1428.
大庆,daqing531.
罗平,luoping676.
新乡,xinxiang474.
永嘉,yongjia785.
三明,sanming620.
锦州,jinzhou513.
广元,guangyuan593.
邯郸,handan495.
信阳,xinyang448.
运城,yuncheng397.
六安,liuan502.
道孚,daofu1446234.
宁海,ninghai689.
义乌,yiwu1005.
晋城,jincheng665.
铜仁,tongren680.
余姚,yuyao98.
夏河,xiahe2792.
阿拉善,alashan1193.
滁州,chuzhou228.
湟中,huangzhong2645.
龙胜,longsheng1445120.
廊坊,langfang582.
黑河,heihe265.
榆林,yulin485.
陵水,lingshui1509.
白山,baishan871.
尚志,shangzhi853.
安阳,anyang412.
巴音郭楞,bayinguoleng2512.
汶川,wenchuan3101.
湘潭,xiangtan1417.
基隆,keelung1382.
泰顺,taishun625.
墨脱,motuo120397.
修武,xiuwu2267.
贺州,hezhou707.
兴安盟,xinganmeng886.
昌吉,changji923.
阿尔山,aershan120084.
歙县,shexian527.
围场,weichang2584.
安康,ankang545.
阆中,langzhong831.
毕节,bijie521.
弥勒,mileshi1342.
龙门,longmen2949.
碌曲,luqu2799.
常德,changde417.
金门,jinmen1368.
百色,baise524.
株洲,zhuzhou1174.
五常,wuchang2237.
兴义,xingyi519.
怀化,huaihua655.
当雄,dangxiong2443.
桃园市,taoyuan1439.
鹰潭,yingtan186.
克拉玛依,kelamayi428.
营口,yingkou692.
德宏,dehong526.
崇左,chongzuo837.
武义,wuyi1004.
遂昌,suichang1431.
延吉,yanji475.
瑞丽,ruili1213.
荆州,jingzhou413.
额济纳旗,ejinaqi2973.
兴城,xingcheng1399.
黎平,liping1346.
石林,shilin271.
鞍山,anshan229.
泸州,luzhou604.
江阴,jiangyin235.
贵溪,guixi1189.
额尔古纳,eerguna2026.
普洱,puer928.
湟源,huangyuan2643.
理县,lixian1445566.
慈溪,cixi543.
长治,changzhi901.
海宁,haining86.
德阳,deyang462.
元阳,yuanyang2032.
梧州,wuzhou142.
扶风,fufeng1880.
朔州,shuozhou903.
临海,linhai544.
张家港,zhangjiagang203.
浮梁,fuliang2420.
诸暨,zhuji690.
黄冈,huanggang859.
栾川,luanchuan1930.
仙居,xianju691.
海南,hainantibetanautonomousprefecture120074.
楚雄,chuxiong510.
五大连池,wudalianchi857.
巴马,bama3041.
太仓,taicang255.
台山,taishan673.
盘锦,panjin602.
浪卡子,langkazi2438.
聊城,liaocheng635.
沧州,cangzhou540.
安图,antu643.
邢台,xingtai460.
赤水,chishui1770.
新竹,hsinchu1197.
许昌,xuchang465.
工布江达,gongbujiangda120396.
商丘,shangqiu849.
六盘水,liupanshui679.
平顶山,pingdingshan810.
德州,dezhou603.
巴中,bazhong703.
宿迁,suqian492.
绩溪,jixi2627.
文昌,wenchang1007.
韶山,shaoshan346.
萍乡,pingxiang714.
乾县,qianxian2742.
阿克苏,akesu920.
茂县,maoxian3164.
潜山,qianshan1016.
瑞安,ruian535.
亳州,bozhou404.
格尔木,geermu332.
马鞍山,maanshan503.
黄龙,huanglong905.
蚌埠,bengbu205.
揭阳,jieyang835.
永州,yongzhou869.
正定,zhengding2581.
平潭,pingtan2652.
佳木斯,jiamusi501.
攀枝花,panzhihua786.
邛崃,qionglai1403.
红原,hongyuan3099.
自贡,zigong575.
三门峡,sanmenxia522.
英德,yingde962.
哈密市,hami567.
三江,sanjiang975.
东营,dongying612.
缙云,jinyun1021.
介休,jiexiu2982.
黄石,huangshi710.
博罗,boluo954.
蔚县,yuxian2565.
建德,jiande687.
合作,hezuo2784.
定日,dingri2450.
茂名,maoming615.
玉林,yulin141.
苍南,cangnan2049.
兰溪,lanxi611.
巢湖,chaohu187.
江孜,jiangzi2437.
库尔勒,kuerle429.
达州,dazhou910.
防城港,fangchenggang698.
保亭,baoting1009.
河池,hechi838.
抚顺,fushun514.
辽阳,liaoyang881.
菏泽,heze708.
新昌,xinchang75.
怒江,nujiang681.
吕梁,lvliang902.
开平,kaiping525.
晋江,jinjiang675.
汕尾,shanwei624.
兴化,xinghua1946.
广安,guangan693.
德钦,deqin2178.
恩平,enping623.
吉首,jishou865.
青州,qingzhou898.
通辽,tongliao885.
德令哈,delingha891.
湖口,hukou2386.
石嘴山,shizuishan889.
南雄,nanxiong2921.
阜阳,fuyang361.
博尔塔拉,boertala2513.
眉山,meishan914.
黄南,huangnan120042.
剑川,jianchuan2215.
通化,tonghua874.
玉树,yushu896.
泰宁,taining2678.
霞浦,xiapu1154.
平山,pingshan1139.
永泰,yongtai2665.
宾川,binchuan2157.
邵阳,shaoyang867.
吉木萨尔,jimusaer2498.
平湖,pinghu533.
浏阳,liuyang1337.
金寨,jinzhai2623.
乳山,rushan2046.
武威,wuwei290.
句容,jurong817.
和田,hetian557.
驻马店,zhumadian642.
商洛,shangluo906.
遂宁,suining605.
佛冈,fogang2935.
长兴,changxing1832.
朝阳,chaoyang1104.
昌黎,changli1835.
瑞金,ruijin1159.
云龙,yunlong2203.
云和,yunhe2251.
沂水,yishui2035.
石河子,shihezi1168.
彭州,pengzhou1747.
福鼎,fuding613.
同仁,tongren895.
启东,qidong1542.
那曲,naqu919.
怀来,huailai2527.
连城,liancheng609.
北川,beichuan1934.
周口,zhoukou709.
平凉,pingliang424.
南澳,nanao958.
东方,dongfang842.
眉县,meixian2776.
澎湖,penghu1367.
文成,wencheng1003.
昭通,zhaotong929.
宜川,yichuan2757.
富蕴,fuwen2509.
乌兰察布,wulanchabu1358.
滨州,binzhou660.
阜康,fukang2506.
庐山,xingzi2390.
江油,jiangyou1037.
肥西,feixi2619.
乳源,ruyuan2937.
胶州,jiaozhou1836.
波密,bomi2436.
娄底,loudi866.
吴忠,wuzhong890.
勐腊,mengla2210.
赤壁,chibi1135.
涞水,laishui2545.
嵊州,shengzhou553.
孝感,xiaogan862.
黑水,heishui120552.
荆门,jingmen634.
龙泉,longquan2033.
阳泉,yangquan904.
昭平,zhaoping3067.
绥中,suizhong2133.
益阳,yiyang868.
龙口,longkou1567.
钦州,qinzhou697.
宜良,yiliang2177.
辉县,huixian2313.
庆元,qingyuan2248.
西峡,xixia2268.
如皋,rugao1372.
果洛,guoluo120013.
连江,lianjiang2657.
建水,jianshui2151.
通山,tongshan2706.
温岭,wenling546.
米林,milin2448.
海阳,haiyang1188.
宁安,ningan2233.
抚州,fuzhou875.
新郑,xinzheng2264.
临沧,lincang926.
珲春,hunchun2461.
从江,congjiang2344.
张北,zhangbei2575.
鸡西,jixi852.
福清,fuqing1152.
平阳,pingyang1012.
沂南,yinan2036.
固原,guyuan888.
普兰,pulan2440.
崇州,chongzhou909.
巩义,gongyi1846.
海盐,haiyan529.
阜新,fuxin879.
临夏,linxia833.
泾县,jingxian2616.
兴平,xingping2739.
瓦房店,wafangdian2136.
铁岭,tieling589.
大新,daxin963.
涞源,laiyuan2549.
青田,qingtian2247.
衡水,hengshui461.
铜川,tongchuan907.
惠安,huian2680.
敦化,dunhua1388.
榕江,rongjiang2346.
景宁,jingning2034.
都匀,duyun678.
金沙,jinsha2338.
东海,donghai3078.
松原,songyuan873.
巴彦淖尔,bayannaoer883.
图们,tumen2466.
新津,xinjin3124.
澄江,chengjiang2171.
宁乡,ningxiang2846.
锡林浩特,xilinhaote1373.
随州,suizhou860.
祁连,qilian120123.
安新,anxin2521.
宽甸,kuandian2137.
漯河,luohe664.
海东,haidong120010.
长海,changhai516.
江山,jiangshan1000.
根河,genhe2955.
五指山,wuzhishan982.
东山,dongshan2662.
休宁,xiuning2625.
荥阳,xingyang1842.
四平,siping556.
贵港,guigang711.
儋州,danzhou841.
淮南,huainan638.
浦江,pujiang1002.
连州,lianzhou1141.
济源,jiyuan640.
洪湖,honghu2031.
勉县,mianxian2779.
来宾,laibin839.
新余,xinyu878.
乐亭,leting2082.
乌兰浩特,wulanhaote1316.
八宿,basu120403.
磐安,panan2028.
安宁,anning2150.
达拉特旗,dalateqi2964.
伊宁市,yining2058.
铜陵,tongling472.
永康,yongkang189.
普宁,puning1523.
岱山,daishan999.
兴安县,xingan722.
库车,kuche1345.
仁化,renhua959.
鄯善,shanshan2502.
桓仁,huanren2144.
闽侯,minhou2666.
海门,haimen1935.
南江,nanjiang3109.
内江,neijiang823.
广汉,guanghan1349.
德化,dehua2659.
昭苏,zhaosu2508.
仪征,yizheng562.
嘉义县,chiayicounty3182.
韩城,hancheng120420.
云浮,yunfu836.
邹城,zoucheng1359.
札达,zhada2454.
礼泉,liquan2759.
灵石,lingshi3011.
靖边,jingbian2745.
石狮,shishi245.
资阳,ziyang918.
林州,linzhou1890.
商城,shangcheng2260.
濮阳,puyang581.
罗田,luotian2717.
丰宁,fengning568.
吉县,jixian3038.
苗栗,miaoli3199.
东源,dongyuan2929.
陵川,lingchuan3004.
丰顺,fengshun2934.
杜尔伯特,duerbote2231.
黄陵,huangling2734.
宿州,suzhou672.
乌海,wuhai677.
和平,heping2948.
漳浦,zhangpu2670.
新兴,xinxing2919.
绥化,suihua856.
陇南,longnan1491.
广南,guangnan2198.
哈巴河,habahe2480.
东兴,dongxing964.
井陉,jingxing2532.
淮北,huaibei657.
兴隆,xinlong2528.
青铜峡,qingtongxia2330.
利川,lichuan984.
沽源,guyuan2591.
洪江,hongjiang2825.
石阡,shiqian2351.
马尔康,maerkang913.
庐江,lujiang2602.
融水,rongshui3047.
靖西,jingxi967.
宜章,yizhang2861.
通道,tongdao992.
犍为,jianwei3118.
牙克石,yakeshi887.
庄河,zhuanghe2148.
阳西,yangxi2933.
灵川,lingchuan3064.
临朐,linqu2907.
乐业,leye968.
宁城,ningcheng1736.
滕州,tengzhou1371.
资兴,zixing1570.
盱眙,xuyi2100.
庆阳,qingyang834.
涿鹿,zhuolu2585.
乃东,naidong2441.
克孜勒苏,kezilesukeerkezi2511.
东台,dongtai916.
长泰,changtai1900.
鹤壁,hebi595.
白城,baicheng870.
禄丰,lufeng2188.
宁蒗,ninglang2169.
霍山,huoshan2609.
汝城,rucheng2852.
盖州,gaizhou1941.
鲁山,lushan2270.
平江,pingjiang2848.
塔什库尔干,tashikuergan2481.
湘潭县,xiangtanxian2858.
周至,zhouzhi2781.
桃源,taoyuan991.
长阳,changyang2690.
凤城,fengcheng1762.
禹州,yuzhou2301.
安龙,anlong2333.
安溪,anxi2647.
华安,huaan2677.
乐昌,lechang957.
定西,dingxi830.
天门,tianmen987.
盘州,panxian2369.
山丹,shandan120488.
蒙自,mengzi1201.
永修,yongxiu1848.
三河,sanhe671.
丹阳,danyang1038.
巍山,weishan2211.
丘北,qiubei2175.
德庆,deqing120097.
三门,sanmen1945.
兰陵,lanling2873.
南安,nanan1521.
甘孜县,ganzixian3156.
诸城,zhucheng2077.
松阳,songyang2250.
门源,menyuan1446317.
霸州,bazhou1834.
芒市,mangshi2199.
宁都,ningdou2379.
九龙,jiulong1446247.
贡嘎,gongga120408.
扎兰屯,zhalantun2972.
兴国,xingguo2387.
贵德,guide2636.
资源,ziyuan980.
塔城,tacheng924.
开化,kaihua1001.
云霄,yunxiao2669.
新县,xinxian2322.
遵化,zunhua1181.
信丰,xinfeng2380.
凭祥,pingxiang840.
齐河,qihe2885.
金堂,jintang3131.
连南,liannan2941.
岚皋,langao2752.
日土,ritu120147.
上杭,shanghang1158.
华蓥,huaying3103.
永安,yongan288.
莱州,laizhou1161.
仙游,xianyou2654.
米易,miyi3097.
白银,baiyin828.
于都,yudou2419.
内乡,neixiang2295.
蓝田,lantian2755.
鹤岗,hegang811.
绥芬河,suifenhe855.
靖江,jingjiang1554.
晴隆,qinglong120454.
新安,xinan2315.
洱源,eryuan2180.
麻城,macheng1833.
东港,donggang1764.
柞水,zhashui2766.
新化,xinhua2856.
西乌旗,xiwuzhumuqinqi2960.
河口,hekou2201.
涿州,zhuozhou848.
四会,sihui960.
什邡,shenfang3154.
石门,shimen143838.
噶尔,geer120143.
新宁,xinning2857.
永城,yongcheng1578.
邳州,pizhou1560.
龙井,longjing2465.
京山,jingshan2703.
龙山,longshan2842.
阳山,yangshan1142.
双鸭山,shuangyashan854.
石台,shitai2624.
定州,dingzhou2562.
阿拉善左旗,alashanzuoqi143886.
新密,xinmi1163.
徐闻,xuwen2923.
高邮,gaoyou2075.
靖安,jingan2396.
赤城,chicheng2544.
寿县,shouxian2628.
集安,jian2467.
沭阳,shuyang3079.
平度,pingdu1565.
简阳,jianyang3122.
宁国,ningguo1167.
永济,yongji1772.
琼结,qiongjie2439.
如东,rudong997.
乐东,ledong981.
寿光,shouguang1089.
宁强,ningqiang2731.
应城,yingcheng1145.
龙游,longyou812.
新沂,xinyi1064.
鄂州,ezhou858.
会泽,huize2212.
互助,huchu2637.
铁力,tieli2230.
淮阳,huaiyang2306.
上林,shanglin120117.
鄢陵,yanling2278.
芒康,mangkang2452.
剑阁,jiange3115.
灵宝,lingbao1162.
秭归,zigui2726.
宁武,ningwu3030.
容县,rongxian3044.
瓜州,guazhou2807.
蒲江,bojiang3136.
洪雅,hongya3096.
萨嘎,saga120381.
高安,gaoan1165.
威宁,weining2337.
左贡,zuogong120405.
桐城,tongcheng1847.
神木,shenmu2762.
玉山,yushan1013.
巴里坤,balikunhasake2494.
桂平,guiping418.
固安,guan2586.
盂县,yuxian3022.
凤阳,fengyang2626.
泰兴,taixing1172.
莱阳,laiyang1838.
永春,yongchun2661.
平武,pingwu3134.
孝义,xiaoyi1144.
微山,weishan2869.
乌鲁木齐县,wulumujixian2489.
大冶,daye1543.
林甸,lindian2219.
嵩县,songxian1445115.
昌江,changjiang2456.
浑源,hunyuan3026.
南部县,nabu3104.
镇宁,zhenning2356.
招远,zhaoyuan1352.
高密,gaomi1837.
安福,anfu2376.
海安,haian1548.
藤县,tengxian143827.
小金,xiaojin3110.
水城,shuicheng143825.
勐海,menghai2207.
肥东,feidong2615.
平和,pinghe2684.
临江,linjiang2460.
泗洪,sihong143833.
共和,gonghe2644.
万源,wanyuan3094.
思南,sinan2355.
江口,jiangkou2334.
七台河,qitaihe1179.
全州,quanzhou3040.
易县,yixian2557.
玉环,yuhuan1006.
潜江,qianjiang985.
抚松,fusong2479.
永登,yongdeng2793.
长丰,changfeng2599.
辽源,liaoyuan872.
多伦,duolun2967.
五台,wutai1446115.
阳新,yangxin2698.
射阳,sheyang998.
海丰,haifeng2946.
宾县,binxian2223.
元谋,yuanmou2197.
织金,zhijin2362.
武宁,wuning2432.
临高,lingao2458.
海城,haicheng607.
澄迈,chengmai2457.
蛟河,jiaohe2471.
金秀,jinxiu1445186.
大英,daying1395.
洪洞,hongdong3015.
钟祥,zhongxiang863.
洋县,yangxian2753.
定安,dingan2021.
虎林,hulin2224.
阳城,yangcheng2076.
永兴,yongxing143832.
独山,dushan2354.
南漳,nanzhang2722.
阳春,yangchun961.
湘乡,xiangxiang1850.
惠水,huishui2372.
天长,tianchang1739.
岑溪,cenxi3056.
河津,hejin3012.
广德,guangde2631.
康平,kangping2135.
揭西,jiexi2930.
南昌县,nanchang2429.
龙南,longnan2424.
迁安,qianan1397.
当阳,dangyang2699.
高州,gaozhou337.
蒙阴,mengyin2870.
邹平,zouping2911.
玛多,maduo120480.
芷江,zhijiang994.
沂源,yiyuan1134.
青龙,qinglong2540.
石城,shicheng2415.
龙川,longchuan2947.
鄱阳,boyang2385.
嘉荫,jiayin2228.
怀集,huaiji955.
罗源,luoyuan2663.
安丘,anqiu2867.
武胜,wusheng3105.
富平,fuping2771.
沙河市,shahe2556.
滦县,luanxian2573.
黄梅,huangmei2689.
樟树,zhangshu1160.
建湖,jianhu3077.
红安,hongan2723.
习水,xishui2343.
宁远,ningyuan2847.
紫金,zijin2951.
太谷,taigu2997.
蒙山,mengshan3057.
合浦,hepu965.
北镇,beizhen2083.
宜都,yidou2705.
沛县,peixian3075.
祁县,qixian3039.
石泉,shiquan2765.
聂拉木,nielamu2445.
雷州,leizhou2936.
若羌,ruoqiang120547.
古田,gutian2674.
上饶县,shangraoxian2408.
龙里,longli2357.
扎囊,zhanang2451.
邵武,shaowu172.
梁山,liangshan2899.
澧县,lixian143837.
龙海,longhai2660.
凌海,linghai2139.
阜宁,funing3081.
瑞昌,ruichang2397.
景泰,jingtai2802.
伊金霍洛旗,yijinhuoluoqi2966.
蓬安,pengan3119.
贡山,gongshan1446282.
罗定,luoding1356.
泸西,luxi2024.
醴陵,liling2837.
东平,dongping2894.
新源,xinyuan2500.
墨江,mojiang2152.
奎屯,kuitun1169.
天台,tiantai1445965.
平邑,pingyi1875.
连山,lianshan2944.
固始,gushi2291.
西乡,xixiang2743.
嘉鱼,jiayu2700.
邢台县,xingtai2531.
通江,tongjiang3167.
泗阳,siyang1097.
铅山,qianshan2389.
三原,sanyuan2750.
本溪县,benxixian1446026.
金昌,jinchang832.
大竹,dazhu3138.
农安,nongan2472.
莒县,juxian2888.
信宜,xinyi2922.
丰城,fengcheng1839.
靖州,jingzhou2832.
仙桃,xiantao775.
封开,fengkai2931.
建始,jianshi2696.
贺兰,helan2119.
安岳,anyue3092.
淅川,xichuan2307.
攸县,youxian2862.
炎陵,yanling2860.
商南,shangnan2756.
尼玛,nima120383.
黄平,huangping120442.
沅陵,yuanling120103.
达茂旗,daerhanmaominganlianheqi2961.
宣汉,xuanhan3129.
安多,anduo120385.
苍溪,cangxi3111.
荔浦,lipu2020.
亚东,yadong120090.
大埔,dabu2920.
宜阳,yiyang2289.
武安,wuan1566.
博乐,bole922.
马祖,matsu1445356.
通海,tonghai2208.
泗水,sishui1138.
香河,xianghe2526.
南涧,nanjian2163.
崇阳,chongyang2695.
鹤山,heshan1182.
广饶,guangrao1769.
祁门,qimen2610.
久治,jiuzhi1446312.
渠县,juxian3141.
昌吉市,changji2503.
个旧,gejiu925.
大方,dafang2348.
长汀,changtingxian1445095.
英山,yingshan2709.
武定,wuding2153.
法库,faku2131.
仁怀,renhuai1905.
迁西,qianxi2530.
鹿邑,luyi2276.
耒阳,leiyang1849.
云林县,yunlin3197.
饶平,raoping2932.
蒲城,pucheng2738.
蒙城,mengcheng1872.
桐柏,tongbai2281.
和顺,heshun120422.
南和,nanhe2590.
枣阳,zaoyang2718.
宾阳,binyang3048.
且末,qiemo1348.
石屏,shiping2191.
颍上,yingshang2634.
象州,xiangzhou3060.
嘉祥,jiaxiang2874.
平定,pingding2057.
轮台,luntai1569.
闽清,minqing2668.
玉屏,yuping2350.
灵山,lingshan969.
单县,shanxian2897.
谷城,gucheng2719.
泾阳,jingyang2749.
房县,fangxian2710.
绵竹,mianzhu1446217.
舒城,shucheng2630.
和静,hejing2485.
建宁,jianning2648.
开远,kaiyuan1318.
清镇,qingzhen1782.
莒南,junan2104.
五莲,wulian2084.
修水,xiushui2399.
开阳,kaiyang2342.
安化,anhua2811.
咸丰,xianfeng2720.
贵定,guiding120451.
巴东,badong2688.
郓城,yuncheng2898.
平乐,pingle3065.
白沙,baisha2455.
江永,jiangyong2831.
福泉,fuquan2363.
射洪,shehong1944.
沙县,shaxian2664.
尤溪,youxi2667.
唐河,tanghe2274.
三台,santai3148.
陆良,luliang1140.
岐山,qishan2746.
留坝,liuba2761.
廉江,lianjiang2939.
绥德,suide2769.
交城,jiaocheng3033.
宝应,baoying3073.
德保,debao3061.
泸溪,luxi2843.
兴仁,xingren2340.
凤翔,fengxiang2758.
木里,muli3100.
壶关,huguan1446117.
建昌,jianchang2129.
灵武,lingwu2323.
屏南,pingnan2649.
武平,wuping2682.
南召,nanzhao1446078.
沧源,cangyuan2161.
营山,yingshan3149.
邻水,linshui3147.
崇义,chongyi2391.
高碑店,gaobeidian1124.
肥城,feicheng1387.
汉寿,hanshou2822.
屯昌,tunchang845.
平塘,pingtang2335.
密山,mishan1508.
汉源,hanyuan3090.
广宁,guangning2943.
陆丰,lufeng2952.
盐边,yanbian3139.
梅河口,meihekou2468.
弋阳,yiyang2406.
贞丰,zhenfeng120455.
大余,dayu2395.
土默特左旗,tumotezuoqi2963.
盐源,yanyuan3142.
施秉,shibing2352.
彬县,binxian2740.
应县,yingxian3006.
平阴,pingyin2879.
费县,feixian2895.
城固,chenggu143839.
无为,wuwei2618.
临县,linxian2998.
安陆,anlu2685.
古丈,guzhang2821.
和县,hexian2598.
邵东,shaodong1365.
定南,dingnan2401.
汶上,wenshang2872.
北流,beiliu3045.
南陵,nanling1445976.
三都,sandou2349.
安远,anyuan2381.
横县,hengxian966.
拜城,baicheng2490.
始兴,shixing2945.
兴宁,xingning2918.
澜沧,lancang2172.
夏县,xiaxian3025.
黔西,qianxi2339.
旬邑,xunyi143857.
乌拉特前旗,wulateqianqi2977.
桐梓,tongzi2370.
唐县,tangxian2574.
石首,shishou2691.
嵩明,songming2202.
莱西,laixi1445084.
盈江,yingjiang2182.
永靖,yongjing2797.
福安,fuan1446193.
宝兴,baoxin3095.
卓尼,zhuoni1446168.
永顺,yongshun1446211.
安阳县,anyangxian2252.
绥阳,suiyang2361.
仁寿,renshou2336.
宜丰,yifeng143843.
台江,taijiang120447.
太白,taibai2773.
吴川,wuchuan1898.
进贤,jinxian2402.
天全,tianquan2056.
冕宁,mianning3091.
迭部,diebu1446184.
监利,jianli2693.
金湖,jinhu368.
大荔,dali2748.
加查,jiacha120409.
蕲春,qichun2725.
建瓯,jianou1157.
府谷,fugu2767.
苍梧,cangwu3052.
汾阳,fenyang2053.
剑河,jianhe120446.
铜鼓,tonggu2425.
桑植,sangzhi2851.
将乐,jiangle143875.
琼中,qiongzhong844.
瓮安,wengan120450.
泾源,jingyuan2329.
保康,baokang143871.
项城,xiangcheng2300.
武冈,wugang1940.
寻甸,dundian2164.
凤山,fengshan2022.
岳池,yueche3151.
安国,anguo2514.
和龙,helong1446012.
镇平,zhenping2319.
通城,tongcheng2704.
玉门,yumen2800.
汝阳,ruyang2321.
新泰,xintai2886.
会理,huili3106.
二连浩特,erlianhaote2976.
汨罗,miluo989.
五峰,wufeng2712.
湄潭,meitan2364.
白水,baishui2736.
利辛,lixin2600.
承德县,chengdexian847.
祁阳,qiyang2850.
中江,zhongjiang3155.
桓台,huantai2910.
类乌齐,leiwuqi120400.
平南,pingnan1398.
丰县,fengxian3080.
万年,wannian2428.
萨迦,sajia2442.
凤台,fengtai2622.
临泽,linze2791.
古蔺,gulin3166.
东阿,donge2893.
灌南,guanna3086.
巨野,juye2892.
花垣,huayuan2827.
方城,fangcheng2275.
临清,linqing2906.
浠水,xishui2694.
肇东,zhaodong2246.
广水,guangshui2716.
慈利,cili2816.
上高,shanggao2400.
郧西,yunxi120128.
抚远,fuyuan1446003.
荣县,rongxian3144.
伊吾,yiwu2505.
清河,qinghe2537.
彭泽,pengze2383.
泸水,lushui927.
邓州,dengzhou2269.
拉孜,lazi2444.
天祝,tianzhu2788.
永宁,yongning2324.
长白,changbai2463.
东至,dongzhi2608.
隆昌,longchang3153.
元江,yuanjiang2194.
新平,xinping1446280.
喀喇沁旗,kalaqinqi2968.
霍州,hezhou3029.
隆安,longan3042.
衡东,hengdong2823.
庆云,qingyun2890.
凌源,lingyuan2142.
乐平,leping2417.
茶陵,chaling2812.
叶城,yecheng120489.
长葛,changge2055.
城步,chengbu2814.
开原,kaiyuan1336.
兴山,xingshan2692.
兴文,xinwen3120.
巴彦,bayan2220.
泸县,luxian3157.
宿松,susong2597.
汝南,runan2317.
阿拉尔,alaer120078.
平远,pingyuan1445184.
宁陕,ningshan2735.
榆树,yushu2478.
舞钢,wugang2293.
襄城,xiangcheng2299.
惠来,huilai2917.
来凤,laifeng2707.
永新,yongxin2412.
曲阳,quyang2546.
大石桥,dashiqiao1845.
宣威,xuanwei2160.
新宾,xinbin2138.
米脂,mizhi1895.
比如,biru120390.
麟游,linyou143851.
临湘,linxiang2840.
新乐,xinle2543.
太和,taihe2601.
合江,gejiang3093.
大安,daan2470.
刚察,gangcha892.
德兴,dexing1558.
南丹,nadan3059.
新乡县,xinxiangxian2257.
天柱,tianzhu2365.
博爱,boai2261.
江华,jianghua2830.
吉隆,jilong120374.
沅江,yuanjiang2863.
遂溪,suixi2950.
乐至,lezhi3143.
措勤,cuoqin120146.
沙湾,shawan2504.
隆化,longhua2563.
临沭,linshu2909.
柳城,liucheng3072.
诏安,zhaoan2676.
阳谷,yanggu2889.
霍邱,huoqiu2606.
衡阳县,hengyangxian2824.
曹县,caoxian2876.
栖霞,qixia1445082.
原平,yuanping3014.
新野,xinye2262.
高唐,gaotang2902.
西华,xihua2311.
民乐,minle2803.
扬中,yangzhong1563.
昌邑,changyi2880.
桑日,sangri120413.
清流,qingliu2658.
阳高,yanggao2994.
武川,wuchuan2969.
芜湖县,wuhuxian2614.
定远,dingyuan2605.
睢宁,huining3082.
潼关,tongguan2780.
内丘,neiqiu2519.
隆回,longhui2841.
岳阳县,yueyangxian2864.
武乡,wuxiang3017.
侯马,houma3019.
垣曲,yuanqu3018.
鹿寨,luqian3054.
玛沁,maqin2640.
山阳,shanyang2760.
资中,zizhong3163.
北屯,beitun120077.
奈曼旗,naimanqi2980.
会昌,huichang143830.
滦南,luannan2577.
汝州,ruzhou1386.
松滋,songzi2697.
夹江,jiajiang3108.
西充,xichong3116.
文安,wenan2588.
察隅,chayu120394.
赵县,zhaoxian2578.
锦屏,jinping120445.
泰和,taihe2422.
都安,duan3063.
上犹,shangyou2411.
辛集,xinji2541.
汉川,hanchuan2721.
汪清,wangqing2469.
彰武,zhangwu2145.
砚山,yanshan2170.
新晃,xinhuang143845.
灵璧,lingbi2593.
长宁,changning3114.
陆川,luchuan971.
商河,shanghe2900.
讷河,nehe2229.
原阳,yuanyang2294.
安义,anyi2378.
灌云,guanyun3088.
福贡,fugong1446273.
云梦,yunmeng2715.
常宁,changning2813.
和林格尔,helingeer2956.
渑池,mianchi2284.
舞阳,wuyang2086.
略阳,lueyang2768.
平果,pingguo3062.
溆浦,xupu2859.
赫章,hezhang2368.
水富,shuifu2200.
陇县,longxian2764.
洞口,dongkou2818.
伊通,yitong2475.
新蔡,xincai2318.
桂阳,guiyang2820.
涉县,shexian2560.
金塔,jinta2806.
惠民,huimin2868.
全椒,quanjiao2617.
大名,daming2554.
翁源,wengyuan2913.
师宗,shizong2193.
右玉,youyu2085.
金乡,jinxiang2881.
桦甸,huadian2459.
高平,gaobeng3003.
沿河,yanhe143828.
阳曲,yangqu2999.
高青,gaoqing2901.
灵丘,lingqiu3008.
洛扎,luozha120411.
无棣,wudi2877.
襄汾,xiangfen3027.
礼县,lixian2785.
石渠,shiqu1446228.
吉水,jishui143849.
高台,gaotai2805.
涡阳,guoyang2635.
临泉,linquan2596.
梓潼,zitong3161.
乌审旗,wushenqi2954.
大悟,dawu2701.
尼勒克,nileke2492.
佛坪,foping2051.
玉田,yutian2568.
滦平,luanping645.
前郭,qianguo2474.
龙州,longzhou3046.
成县,chengxian829.
镇雄,zhenxiong2214.
万载,wanzai2430.
奉新,fengxin2413.
郯城,tancheng2908.
德惠,dehui2473.
呼玛,huma2225.
磁县,cixian2550.
淇县,qixian2310.
紫阳,ziyang2782.
郎溪,langxi2632.
怀仁,huairen3023.
涟源,lianyuan2836.
平顺,pingshun1446132.
祁东,qidong2849.
平罗,pingluo2102.
正蓝旗,zhenglanqi2975.
富源,fuyuan2190.
尉氏,weishi2288.
修文,xiuwen2347.
玛曲,maqu1446182.
绥宁,suining2853.
宁明,ningming1445085.
乡城,xiangcheng3107.
普安,puan120453.
兴和,xinghe2959.
仲巴,zhongba120376.
临颍,linying2259.
卢氏,lushi2273.
萝北,luobei2222.
镇安,zhenan2770.
民权,minquan2287.
湘阴,xiangyin2855.
昔阳,cuoyang2988.
云县,yunxian2206.
孝昌,xiaochang2687.
宁晋,ningjin2523.
长垣,changyuan2305.
墨竹工卡,mozhugongka1446407.
洛川,luochuan2772.
广灵,anling3007.
叙永,xuyong3133.
石棉,shimian3158.
阳原,yangyuan2552.
罗甸,luodian2360.
阿图什,atushi921.
同心,tongxin2327.
会宁,huining2789.
海晏,haiyan1445066.
大田,datian2656.
岑巩,cengong120444.
广昌,guangchang2434.
松桃,songtao2358.
周宁,zhouning2683.
都兰,doulan2638.
丹寨,danzhai120449.
特克斯,tekesi1446388.
澄城,chengcheng2744.
灵寿,lingshou1446047.
上蔡,shangcai2256.
尖扎,jianzha1446320.
龙陵,longling2184.
沁水,qinshui2983.
海伦,hailun2243.
成安,chengan2535.
华亭,huating2786.
遂川,suichuan2418.
武陟,wuzhi2296.
临漳,linzhang2559.
辰溪,chenxi2815.
平利,pingli2737.
岫岩,xiuyan2140.
化州,huazhou2915.
灯塔,dengta2146.
乐陵,leling2896.
辉南,huinan2464.
焉耆,yanqi120548.
中牟,zhongmou1446088.
峨山,eshan2183.
郏县,jiaxian2320.
内黄,neihuang2292.
永丰,yongfeng2409.
土默特右旗,tumoteyouqi1446334.
文水,wenshui3009.
鄂托克前旗,etuokeqianqi2979.
竹山,zhushan2724.
呼图壁,hetubi2495.
宜城,yicheng2702.
中宁,zhongning2328.
博兴,boxing1221.
萧县,xiaoxian2621.
正阳,zhengyang2312.
永仁,yongren2189.
凉城,liangcheng2974.
老河口,laohekou2711.
浦城,pucheng2653.
阿克苏市,akesushi1446382.
罗山,luoshan1445146.
五家渠,wujiaju2493.
朗县,langxian120395.
昌乐,changle2878.
沙洋,shayang2686.
五河,wuhe2607.
江达,jingda120398.
确山,queshan2314.
穆棱,muling1445987.
余干,yugan2423.
会同,huitong2828.
乌苏,wusu2497.
金溪,jinxi2405.
柳林,liulin3016.
霍城,huocheng1446379.
旌德,jingde2620.
陈巴尔虎旗,chenbaerhuqi1446352.
富锦,fujin2235.
博白,bobai3049.
东兰,donglan120136.
正宁,zhengning2809.
清原,qingyuan2130.
滑县,hua2298.
丁青,dingqing2447.
顺平,shunping1446055.
勃利,boli851.
团风,tuanfeng2708.
景县,jingxian2529.
融安,rongan3043.
丹凤,danfeng2751.
富顺,fushun3152.
界首,jieshou2612.
双辽,shuangliao2477.
塔城市,tacheng2510.
马边,mabian3162.
临洮,lintao2787.
罗城,luocheng3050.
襄垣,xiangyuan3034.
喜德,xide3117.
定边,dingbian2754.
通河,tonghe1446000.
杭州,hangzhou14.
上海,shanghai2.
成都,chengdu104.
厦门,xiamen21.
台北,taipeicity360.
香港,hongkong38.
北京,beijing1.
苏州,suzhou11.
南京,nanjing9.
丽江,lijiang32.
重庆,chongqing158.
武汉,wuhan145.
昆明,kunming29.
广州,guangzhou152.
天津,tianjin154.
深圳,shenzhen26.
澳门,macau39.
无锡,wuxi10.
大理,dali31.
大连,dalian4.
长沙,changsha148.
宁波,ningbo83.
沈阳,shenyang155.
桂林,guilin28.
西安,xian7.
西双版纳,xishuangbanna30.
哈尔滨,haerbin151.
张家界,zhangjiajie23.
拉萨,lhasa36.
高雄,gaoxiong756.
杭州,hangzhou14.
上海,shanghai2.
成都,chengdu104.
厦门,xiamen21.
台北,taipeicity360.
香港,hongkong38.
北京,beijing1.
苏州,suzhou11.
南京,nanjing9.
丽江,lijiang32.
重庆,chongqing158.
武汉,wuhan145.
昆明,kunming29.
广州,guangzhou152.
天津,tianjin154.
深圳,shenzhen26.
澳门,macau39.
无锡,wuxi10.
大理,dali31.
大连,dalian4.
长沙,changsha148.
宁波,ningbo83.
沈阳,shenyang155.
桂林,guilin28.
西安,xian7.
西双版纳,xishuangbanna30.
哈尔滨,haerbin151.
张家界,zhangjiajie23.
拉萨,lhasa36.
高雄,gaoxiong756.
三亚,sanya61.
扬州,yangzhou12.
青岛,qingdao5.
花莲,hualien1366.
香格里拉,xianggelila106.
凤凰,fenghuang988.
北海,beihai140.
绍兴,shaoxing18.
南宁,nanning166.
贵阳,guiyang33.
阿坝,aba744.
福州,fuzhou164.
西宁,xining237.
阳朔,yangshuo702.
湘西,xiangxi496.
秦皇岛,qinhuangdao132.
长春,changchun216.
九寨沟,jiuzhaigou25.
威海,weihai169.
济南,jinan128.
珠海,zhuhai27.
峨眉山,emeishan24.
海口,haikou37.
武夷山,wuyishan22.
舟山,zhoushan479.
太原,taiyuan167.
郑州,zhengzhou157.
银川,yinchuan239.
嘉兴,jiaxing272.
乐山,leshan103.
平遥,pingyao365.
黄山,huangshan120061.
烟台,yantai170.
承德,chengde135.
乌鲁木齐,urumqi117.
稻城,daocheng342.
常州,changzhou206.
林芝,linzhi126.
洛阳,luoyang198.
桐乡,tongxiang220.
兰州,lanzhou231.
开封,kaifeng165.
连云港,lianyungang238.
屏东,pingtung1364.
日喀则,rikaze100.
台南,tainan757.
呼伦贝尔,hulunbeier458.
南投市,nantou759.
腾冲,tengchong696.
台中,taizhong1369.
敦煌,dunhuang8.
石家庄,shijiazhuang199.
嘉善,jiashan1019.
温州,wenzhou153.
泉州,quanzhou243.
上饶,shangrao547.
景德镇,jingdezhen405.
迪庆,diqing120009.
婺源,wuyuan446.
临安,linan88.
都江堰,dujiangyan911.
康定,kangding344.
湖州,huzhou68.
南昌,nanchang175.
牡丹江,mudanjiang264.
甘孜,ganzi754.
大同,datong275.
新北,newtaipeicity2063.
泰安,taian746.
佛山,foshan207.
金华,jinhua219.
甘南,gannan426.
安吉,anji686.
台东,taitung760.
呼和浩特,huhehaote156.
昆山,kunshan77.
宜昌,yichang313.
阿里,ali99.
惠州,huizhou213.
嵊泗,shengsi82.
合肥,hefei196.
嘉义市,chiayi758.
黔东南,qiandongnan2375.
漠河,mohe983.
晋中,jinzhong639.
嘉峪关,jiayuguan284.
东莞,dongguan212.
满洲里,manzhouli319.
肇庆,zhaoqing269.
镇江,zhenjiang13.
延边,yanbian415.
丽水,lishui441.
日照,rizhao622.
九江,jiujiang877.
漳州,zhangzhou334.
丹东,dandong315.
葫芦岛,huludao345.
酒泉,jiuquan282.
宜兰,yilan1383.
大邑,dayi3130.
张掖,zhangye283.
台州,taizhou402.
宜春,yichun743.
韶关,shaoguan222.
徐州,xuzhou230.
神农架,shennongjia147.
吉林市,jilinshi267.
保定,baoding459.
南通,nantong85.
保山,baoshan420.
中山,zhongshan233.
清远,qingyuan517.
色达,sedaxian120478.
汕头,shantou215.
阿勒泰,aletai427.
伊犁,yili115.
咸阳,xianyang632.
黟县,yixian528.
伊春,yichun498.
延安,yanan423.
淳安,chunan2249.
青阳,qingyang2613.
忻州,xinzhou783.
海林,hailin2240.
赤峰,chifeng483.
昌都,changdu559.
丹巴,danba704.
蓬莱,penglai168.
咸宁,xianning861.
安顺,anshun518.
景洪,jinghong2154.
大兴安岭,daxinganling396.
池州,chizhou825.
宝鸡,baoji422.
张家口,zhangjiakou497.
西昌,xichang592.
渭南,weinan908.
常熟,changshu101.
焦作,jiaozuo663.
松潘,songpan606.
潍坊,weifang226.
海西,haixi120012.
宜宾,yibin278.
溧阳,liyang598.
南平,nanping827.
临沂,linyi480.
柳州,liuzhou143.
江门,jiangmen362.
十堰,shiyan464.
芜湖,wuhu457.
龙岩,longyan366.
镇远,zhenyuan1840.
潮州,chaozhou467.
临汾,linfen318.
红河,honghe512.
湛江,zhanjiang202.
彰化,changhua3180.
济宁,jining658.
长岛,changdao505.
东阳,dongyang608.
绵阳,mianyang915.
衡山,hengshan277.
理塘,litang3150.
布尔津,buerjin1010.
黔南,qiannan2374.
吐鲁番市,tulufan35.
衡阳,hengyang864.
荔波,libo659.
宜兴,yixing227.
雷山,leishan2345.
凉山,liangshan912.
凯里,kaili491.
赣州,ganzhou473.
遵义,zunyi204.
喀什,kashi124.
阳江,yangjiang363.
汉中,hanzhong486.
吉安,jian876.
山南,shannan339.
宁德,ningde490.
恩施,enshi487.
德清,deqing1011.
岳阳,yueyang287.
泰州,taizhou494.
乐清,yueqing1022.
华阴,huayin476.
象山,xiangshan723.
桐庐,tonglu688.
曲阜,qufu129.
若尔盖,ruoergai3165.
井冈山,jinggangshan171.
德格,dege3140.
南阳,nanyang591.
安庆,anqing179.
南靖,najing2672.
惠东,huidong956.
包头,baotou347.
白玉,baiyuxian120485.
文山,wenshan511.
海北,haibei120014.
宣城,xuancheng504.
梅州,meizhou523.
南充,nanchong782.
莆田,putian317.
泸定,luding2059.
登封,dengfeng1014.
唐山,tangshan200.
河源,heyuan350.
枣庄,zaozhuang656.
雅安,yaan917.
杭州,hangzhou14.
上海,shanghai2.
成都,chengdu104.
厦门,xiamen21.
台北,taipeicity360.
香港,hongkong38.
北京,beijing1.
苏州,suzhou11.
南京,nanjing9.
丽江,lijiang32.
重庆,chongqing158.
武汉,wuhan145.
昆明,kunming29.
广州,guangzhou152.
天津,tianjin154.
深圳,shenzhen26.
澳门,macau39.
无锡,wuxi10.
大理,dali31.
大连,dalian4.
长沙,changsha148.
宁波,ningbo83.
沈阳,shenyang155.
桂林,guilin28.
西安,xian7.
西双版纳,xishuangbanna30.
哈尔滨,haerbin151.
张家界,zhangjiajie23.
拉萨,lhasa36.
高雄,gaoxiong756.
三亚,sanya61.
扬州,yangzhou12.
青岛,qingdao5.
花莲,hualien1366.
香格里拉,xianggelila106.
凤凰,fenghuang988.
北海,beihai140.
绍兴,shaoxing18.
南宁,nanning166.
贵阳,guiyang33.
杭州,hangzhou14.
上海,shanghai2.
成都,chengdu104.
厦门,xiamen21.
台北,taipeicity360.
香港,hongkong38.
北京,beijing1.
苏州,suzhou11.
南京,nanjing9.
丽江,lijiang32.
重庆,chongqing158.
武汉,wuhan145.
昆明,kunming29.
广州,guangzhou152.
天津,tianjin154.
深圳,shenzhen26.
澳门,macau39.
无锡,wuxi10.
大理,dali31.
大连,dalian4.
杭州,hangzhou14.
上海,shanghai2.
成都,chengdu104.
厦门,xiamen21.
台北,taipeicity360.
香港,hongkong38.
北京,beijing1.
苏州,suzhou11.
南京,nanjing9.
丽江,lijiang32.
重庆,chongqing158.
武汉,wuhan145.
昆明,kunming29.
广州,guangzhou152.
天津,tianjin154.
深圳,shenzhen26.
澳门,macau39.
无锡,wuxi10.
大理,dali31.
大连,dalian4.
长沙,changsha148.
宁波,ningbo83.
沈阳,shenyang155.
桂林,guilin28.
西安,xian7.
西双版纳,xishuangbanna30.
哈尔滨,haerbin151.
张家界,zhangjiajie23.
拉萨,lhasa36.
高雄,gaoxiong756.
